{"zuixin":[{"key":"class","name":"分类","value":[{"n":"喜剧","v":"xiju"},{"n":"冒险","v":"maoxian"},{"n":"剧情","v":"juqing"},{"n":"悬疑","v":"xuanyi"},{"n":"动作","v":"dongzuo"},{"n":"科幻","v":"kehuan"},{"n":"犯罪","v":"fanzui"},{"n":"家庭","v":"jiating"},{"n":"奇幻","v":"qihuan"},{"n":"战争","v":"zhanzheng"},{"n":"剧情","v":"juqing"}]}],"zuixin-juji":[{"key":"class","name":"分类","value":[{"n":"剧情","v":"juq"},{"n":"喜剧","v":"喜剧"},{"n":"惊悚","v":"jings"},{"n":"犯罪","v":"fanzuii"}]}]}