{
    "作者": "🐰兔爷🐇",
    "站名": "厂长资源",
    "编码": "UTF-8",
    "发布地址": "https://www.cz01.vip/",
    "请求头": "User-Agent$MOBILE_UA",
    "主页url": "https://www.czzymovie.com",
    "首页": "200",
    "起始页": "1",
    "分类url": "/{cateId}/page/{catePg};;rcRA",
    "分类": "豆瓣电影Top250$dbtop250#最新电影$zuixindianying#剧场版$dongmanjuchangban#电影$movie_bt/movie_bt_series/dyy#电视剧$movie_bt/movie_bt_series/dianshiju#俄罗斯电影$movie_bt/movie_bt_series/eluosidianying#加拿大电影$movie_bt/movie_bt_series/jianadadianying#动画$movie_bt/movie_bt_series/dohua#华语电影$movie_bt/movie_bt_series/huayudianying#印度电影$movie_bt/movie_bt_series/yindudianying#国产剧$movie_bt/movie_bt_series/guochanju#日剧$movie_bt/movie_bt_series/rj#日本电影$movie_bt/movie_bt_series/ribendianying#欧美电影$movie_bt/movie_bt_series/meiguodianying#海外剧（其他）$movie_bt/movie_bt_series/hwj#美剧$movie_bt/movie_bt_series/mj#韩剧$movie_bt/movie_bt_series/hj#韩国电影$movie_bt/movie_bt_series/hanguodianying#番剧$fanju",
    "数组": "<li><a&&</a></h",
    "图片": "data-original=\"&&\"",
    "标题": "alt=\"&&\"",
    "副标题": "jidi\"><span>&&<+-+furk\">&&<",
    "链接": "href=\"&&\"",
    "影片年代": "年份：&&</li",
    "影片地区": "地区：&&</li",
    "影片类型": "类型：&&</li",
    "状态": "上映：&&</li",
    "导演": "导演：&&</li",
    "主演": "主演：&&</li",
    "简介": "👶+yp_context\">&&</div",
    "线路数组": "<div class=\"ypxingq&&</div",
    "线路标题": "厂长专线",
    "播放数组": "<div class=\"paly_list_btn&&</div",
    "播放列表": "<a&&/a>",
    "播放标题": ">&&<",
    "播放链接": "href=\"&&\"",
    "搜索url": "/daoyongjiek0shibushiyoubing?q={wd}&f=_all&p={pg}",
    "搜索模式": "1",
    "筛选": "1"
}