{
    "首页": "0",
    "请求头": "User-Agent$MOBILE_UA",
    "分类url": "https://sm3.cc/?cate={cateId}&page={catePg};;m0",
    "分类": "短剧大全$1#更新短剧$2",
    "数组": "class=\"img-modbox&&</a>",
    "标题": "title=\"&&（",
    "副标题": "title=\"*（&&）",
    "图片": "data-original=\"&&\"",
    "链接": "href=\"&&\"",
    "搜索url": "https://sm3.cc/search.php?q={wd}&page={pg}",
    "线路数组": "downtab-item*\">&&/small>",
    "线路标题": "网盘推送",
    "播放数组": "<div class=\"content&&<br/></p>",
    "播放列表": "<p&&</p></div>",
    "播放标题": "alt=\"&&\"",
    "播放链接": "href=\"&&\"[替换:http>>push://http]",
    "简介": "此为推送网盘规则"
}