{
    "作者": "乐哥250210",
    "站名": "磁力狐狸",
    "主页url": "https://www.foxjun.com/",
    "分类url": "https://www.foxjun.com/channel/{cateId}.html?apage1={catePg}",
    "分类": "电影$dianying#动画$donghua#美欧剧$meiouju#国产剧$guochanju#日韩剧$rihanju",
    "二次截取": "默认--空||首页--channel-list\">&&</main>",
    "数组": "默认--media\">&&</a>||首页--<li>&&</li>",
    "图片": "img src=\"&&\"",
    "标题": "《&&》",
    "链接": "href=\"&&\"",
    "副标题": "》&&\"",
    "影片类型": "类型：&&</p>",
    "影片年代": "上映日期：&&</p>",
    "影片地区": "地区：&&</a>",
    "影片状态": "上映日期：&&</p>",
    "导演": "导演：&&</p>",
    "主演": "主演：&&</p>",
    "简介": "简介：&&</p>",
    "线路数组": "<td&&</td>[不包含:在线观看]",
    "线路标题": "🦊专线+>&&<",
    "播放数组": "<td&&</td>",
    "播放列表": "<a&&a>",
    "播放链接": "href=\"&&\"",
    "播放标题": ">&&</",
    "搜索url": "https://www.foxjun.com/s?q={wd}&__searchtoken__=fad518928483671aa360f6202398d553&page={pg}"
}