{
    "作者": "班长251204",
    "站名": "磁力雪花",
    "主页url": "https://n3300.com/",
    "分类url": "https://n3300.com/ekOtxEBafND5Chtml/{cateId}/list_{catePg}.html",
    "分类": "喜剧片$xiju#爱情片$aiqing#科幻片$kehuan#剧情片$juqing#悬疑片$xuannian#战争片$zhanzheng#恐怖片$kongbu#灾难片$zainan#连续剧$lianxuju#动漫$dongman#综艺片$zongyijiemu#连载动漫$lianzaidongman#",
    "二次截取": "",
    "数组": "默认--pic\">&&</li>||首页--col-sm&&</li>",
    "图片": "src=\"&&\"",
    "标题": "FF0000'>&&<",
    "链接": "href=\"&&\"",
    "副标题": "4K",
    "影片年代": "年　　代&&<br>",
    "影片地区": "产　　地&&<br>",
    "影片类型": "类　　别&&<br>",
    "状态": "片　　长　&&<br>",
    "导演": "导　　演&&<br>",
    "主演": "主　　演&&<br>",
    "简介": "【友情提醒：请不要相信视频中的广告，以免上当受骗！】✨乐哥为您介绍剧情👉+简　　介&&</div>",
    "线路数组": "下载地址列表&&<h3>",
    "线路标题": "🦊磁力",
    "播放二次截取": "本站专用电影&&</body",
    "播放数组": "<ul>&&</div>",
    "播放列表": "<a&&/a>",
    "播放链接": "href=\"&&\\&",
    "播放标题": "dn=&&<",
    "搜索url": "https://n3300.com/plus/search.php?kwtype=0&keyword={wd}"
}